,Country Name,Year,GDP,Inflation,Exchange Rate,Money Supply,Unemployment,FDI
0,Brunei Darussalam,2008,14393434225.0,12.69272996,1.417166667,53.63294116,6.293,-222184549.5
1,Cambodia,2008,10351914177.0,12.2537866,4054.166667,28.36005624,0.82,-794691393.1
2,Timor-Leste,2008,648523600.0,7.25676388,1.0,29.70719203,3.362,-39697970.75
3,Indonesia,2008,510000000000.0,18.14975125,9698.9625,38.30992109,7.21,-3418723399.0
4,Lao PDR,2008,5446434032.0,8.863450638,8740.181403,24.29257659,0.943,-227770000.0
5,Malaysia,2008,231000000000.0,10.3889004,3.335833333,119.5902405,3.32,7827500376.0
6,Myanmar,2008,31862554102.0,13.61865795,5.44145,17.22931406,0.698,-863880447.3
7,Philippines,2008,182000000000.0,7.179216183,44.32328761,56.99872386,3.72,630006878.0
8,Singapore,2008,194000000000.0,-1.381555432,1.414860833,121.7085685,3.96,-5633910991.0
9,Thailand,2008,291000000000.0,5.133780352,33.31330064,102.4456963,1.18,-6221859991.0
10,Viet Nam,2008,99130304099.0,22.67331617,16302.25,93.65716993,1.893,-9279000000.0
11,China,2008,4590000000000.0,7.795346038,6.948655,148.8409141,4.59,-115000000000.0
12,Japan,2008,5110000000000.0,-0.911530288,103.359494,198.3869428,4.0,89018788218.0
13,"Korea, Rep.",2008,1050000000000.0,2.826302301,1100.125833,123.5372649,2.96,8349000000.0
14,India,2008,1200000000000.0,9.193969626,43.50518333,77.37295611,8.463,-24149749830.0
15,Uzbekistan,2008,29549438884.0,26.79158498,2450.739405212136,98.6512779569836,4.89,-545389489.5
16,Qatar,2008,115000000000.0,22.89956469,3.64,43.85426983,0.31,-1467228390.228881
17,United States,2008,14800000000000.0,1.917932978,1.0,84.2544044,5.78,2491000000.0
18,United Kingdom,2008,2930000000000.0,3.403280075,0.54396625,158.7539533,5.62,103000000000.0
19,France,2008,2930000000000.0,2.36707384,2450.739405212136,98.6512779569836,7.39,68001785591.0
20,Russian Federation,2008,1660000000000.0,18.01351834,24.852875,39.50786051,6.21,-19120290000.0
21,Germany,2008,3750000000000.0,0.909330422,2450.739405212136,98.6512779569836,7.52,67071495031.0
22,Australia,2008,1060000000000.0,4.569822249,1.192178333,97.72560394,4.24,-13282411774.0
23,Hungary,2008,158000000000.0,4.806138668,172.1133333,56.68727165,7.82,-1457150599.0
24,Ireland,2008,275000000000.0,-0.504525642,2450.739405212136,98.6512779569836,6.77,34912564501.0
25,Brunei Darussalam,2009,10732595016.0,-22.09141648,1.454569273,76.84380168,6.393,-325586827.8
26,Cambodia,2009,10401851768.0,2.504384662,4139.333333,37.47941505,0.58,-909520389.4
27,Timor-Leste,2009,726937800.0,1.765125876,1.0,36.91588194,3.296,-47954750.66
28,Indonesia,2009,540000000000.0,8.274752432,10389.9375,38.19668391,6.11,-2628247483.0
29,Lao PDR,2009,5836138127.0,-2.932073532,8511.351163,30.82417473,0.834,-318598209.1
30,Malaysia,2009,202000000000.0,-5.992201556,3.524502911,139.1656209,3.66,6626128852.0
31,Myanmar,2009,36906181381.0,4.878599246,5.576366667,19.41287369,0.709,-1078972201.0
32,Philippines,2009,176000000000.0,2.738258566,47.67968845,59.4116189,3.86,-167490840.2
33,Singapore,2009,194000000000.0,2.953924644,1.454514713,131.4503292,5.86,8603556832.0
34,Thailand,2009,282000000000.0,0.194772131,34.28577412,109.9220731,1.49,-415179561.5
35,Viet Nam,2009,106000000000.0,6.215623151,17065.08333,105.6069381,1.74,-6900000000.0
36,China,2009,5100000000000.0,-0.209533359,6.831416052,175.0913789,4.72,-87167067370.0
37,Japan,2009,5290000000000.0,-0.569564925,93.57008909,216.0249033,5.07,61450645281.0
38,"Korea, Rep.",2009,944000000000.0,3.608644126,1277.245833,129.9915368,3.36,8378600000.0
39,India,2009,1340000000000.0,7.040365434,48.40526667,79.07519635,8.383,-19485789183.0
40,Uzbekistan,2009,33689223673.0,17.26156513,2450.739405212136,98.6512779569836,5.04,-608776388.3
41,Qatar,2009,97798351648.0,-24.21810088,3.64,60.41859287,0.31,-1467228390.228881
42,United States,2009,14500000000000.0,0.640954733,1.0,90.69069702,9.25,152000000000.0
43,United Kingdom,2009,2410000000000.0,1.891111935,0.641919263,163.2394035,7.54,-62945021961.0
44,France,2009,2700000000000.0,0.066627476,2450.739405212136,98.6512779569836,9.12,70295520050.0
45,Russian Federation,2009,1220000000000.0,1.970612603,31.74035833,49.29881786,8.3,6697430000.0
46,Germany,2009,3410000000000.0,1.841891638,2450.739405212136,98.6512779569836,7.74,43037329587.0
47,Australia,2009,929000000000.0,4.949160757,1.28218881,94.31878775,5.57,-17469054204.0
48,Hungary,2009,131000000000.0,4.199064551,202.3416667,60.37088689,10.03,-972285892.5
49,Ireland,2009,236000000000.0,-4.624598155,2450.739405212136,98.6512779569836,12.61,540847188.8
50,Brunei Darussalam,2010,13707280260.0,16.68828285,1.363509474,67.27118685,6.483,-479520595.8
51,Cambodia,2010,11242275288.0,3.120592871,4184.916667,41.60574508,0.77,-1383735373.0
52,Timor-Leste,2010,881909300.0,10.96379895,1.0,33.45300726,3.3,-4332806.77
53,Indonesia,2010,755000000000.0,15.26429366,9090.433333,36.00171842,5.61,-11106333135.0
54,Lao PDR,2010,7131773633.0,9.196571111,8254.16303,36.18783383,0.71,-278805903.1
55,Malaysia,2010,255000000000.0,7.266845934,3.221086915,129.6446486,3.39,4463611679.0
56,Myanmar,2010,49540813342.0,7.043211894,5.634883333,23.57207034,0.719,-901133534.9
57,Philippines,2010,208000000000.0,4.37088436,45.10966418,58.81292887,3.61,1641779592.0
58,Singapore,2010,240000000000.0,1.107808713,1.363508333,123.2786032,4.12,-19915243153.0
59,Thailand,2010,341000000000.0,4.080989227,31.685705,108.9809213,0.62,-6615343922.0
60,Viet Nam,2010,147000000000.0,42.30326725,18612.91667,90.45445616,1.11,-7100000000.0
61,China,2010,6090000000000.0,6.881380251,6.770269029,176.126637,4.53,-186000000000.0
62,Japan,2010,5760000000000.0,-1.88074195,87.779875,215.3363812,5.1,72215534552.0
63,"Korea, Rep.",2010,1140000000000.0,2.737496837,1156.46,125.5493697,3.32,18724200000.0
64,India,2010,1680000000000.0,10.52603086,45.72581212,77.67995244,8.3,-11428785746.0
65,Uzbekistan,2010,49765676402.0,48.58168995,2450.739405212136,98.6512779569836,5.36,-1659799355.0
66,Qatar,2010,125000000000.0,6.979329894,3.64,58.12243621,0.45,-1467228390.228881
67,United States,2010,15000000000000.0,1.201791625,1.0,84.84881945,9.63,85789000000.0
68,United Kingdom,2010,2490000000000.0,1.583741327,0.647179346,163.4471125,7.79,-12327098017.0
69,France,2010,2650000000000.0,1.069697476,2450.739405212136,98.6512779569836,9.28,33671093774.0
70,Russian Federation,2010,1520000000000.0,14.19110957,30.36791534,51.43910689,7.37,9448500000.0
71,Germany,2010,3400000000000.0,0.645275771,2450.739405212136,98.6512779569836,6.97,60605522285.0
72,Australia,2010,1150000000000.0,1.151858818,1.090159486,100.4544988,5.21,-17487902843.0
73,Hungary,2010,132000000000.0,2.532570453,207.9441667,60.73853125,11.17,-3936697507.0
74,Ireland,2010,222000000000.0,-2.889836298,2450.739405212136,98.6512779569836,14.53,-20925416485.0
75,Brunei Darussalam,2011,18525128526.0,20.18050542,1.25791302,59.37941399,6.569,-703751750.6
76,Cambodia,2011,12829541141.0,3.36406625,4058.5,39.07436915,0.58,-1509718402.0
77,Timor-Leste,2011,1042534600.0,11.56567327,1.0,30.9272603,3.532,-82058168.54
78,Indonesia,2011,893000000000.0,7.465943034,8770.433333,36.73800199,5.15,-11528394762.0
79,Lao PDR,2011,8750107402.0,10.4687176,8029.262555,98.6512779569836,1.059,-300743507.1
80,Malaysia,2011,298000000000.0,5.41240809,3.060003011,133.8905966,3.05,2988958790.0
81,Myanmar,2011,59977326086.0,10.25457667,5.444108333,26.44355553,0.733,-2519813313.0
82,Philippines,2011,234000000000.0,3.918805781,43.31313692,57.3844126,3.59,342490414.4
83,Singapore,2011,279000000000.0,1.170798204,1.257775877,126.18065,3.89,-17255458936.0
84,Thailand,2011,371000000000.0,3.74309812,30.49173333,119.9257074,0.66,4702082850.0
85,Viet Nam,2011,173000000000.0,21.41367928,20509.75,78.37215034,1.0,-6480000000.0
86,China,2011,7550000000000.0,8.075684467,6.461461327,174.5277198,4.55,-232000000000.0
87,Japan,2011,6230000000000.0,-1.62208025,79.80701983,225.2205201,4.55,118000000000.0
88,"Korea, Rep.",2011,1250000000000.0,1.281863806,1108.233333,126.1006154,2.99,19874700000.0
89,India,2011,1820000000000.0,8.733580144,46.67046667,78.83731129,8.215,-23890659988.0
90,Uzbekistan,2011,60178909297.0,21.62650994,2450.739405212136,98.6512779569836,4.96,-1611410789.0
91,Qatar,2011,168000000000.0,18.27017134,3.64,50.75563553,0.56,9170012637.0
92,United States,2011,15600000000000.0,2.07771382,1.0,87.32368548,8.95,173000000000.0
93,United Kingdom,2011,2660000000000.0,2.189184721,0.624140836,151.1483296,8.04,53821554015.0
94,France,2011,2870000000000.0,0.947960225,2450.739405212136,98.6512779569836,9.23,20277561651.0
95,Russian Federation,2011,2050000000000.0,24.46008606,29.38234137,47.38646572,6.54,11767160000.0
96,Germany,2011,3750000000000.0,1.069483745,2450.739405212136,98.6512779569836,5.82,10373148758.0
97,Australia,2011,1400000000000.0,6.202098607,0.969463201,99.72233734,5.08,-57328676980.0
98,Hungary,2011,142000000000.0,1.928720703,201.055,62.39693201,11.03,-1961626798.0
99,Ireland,2011,239000000000.0,1.349718155,2450.739405212136,98.6512779569836,15.35,-25222409925.0
100,Brunei Darussalam,2012,19048443341.0,1.218702687,1.249567016,58.65646775,6.66,-859107110.4
101,Cambodia,2012,14054443213.0,1.440518127,4033.0,50.04048956,0.499,-1951922775.0
102,Timor-Leste,2012,1160555000.0,6.160467078,1.0,35.06486228,3.767,-27715777.18
103,Indonesia,2012,918000000000.0,3.753878753,9386.629167,38.38928827,4.47,-13716225988.0
104,Lao PDR,2012,10192848926.0,7.528859305,8006.582032,98.6512779569836,1.404,-634614172.4
105,Malaysia,2012,314000000000.0,0.999932303,3.088800867,136.8038681,3.1,8001103526.0
106,Myanmar,2012,59937796642.0,3.130096953,640.6534167,31.66735296,0.75,-1333856137.0
107,Philippines,2012,262000000000.0,1.994176101,42.22879473,56.30499088,3.5,957805177.3
108,Singapore,2012,295000000000.0,0.495345771,1.249676204,128.9127791,3.72,-34830382359.0
109,Thailand,2012,398000000000.0,1.909144442,31.08309167,121.1165476,0.58,1361534446.0
110,Viet Nam,2012,196000000000.0,9.07766069,20828.0,84.8164707,1.03,-7168000000.0
111,China,2012,8530000000000.0,2.331217575,6.312332827,180.8735842,4.58,-176000000000.0
112,Japan,2012,6270000000000.0,-0.75609312,79.79045542,228.8037138,4.36,117000000000.0
113,"Korea, Rep.",2012,1280000000000.0,1.25180817,1126.806667,127.4652501,2.81,21102800000.0
114,India,2012,1830000000000.0,7.934386271,53.43723333,76.9131885,8.138,-15442447343.0
115,Uzbekistan,2012,67517349212.0,15.3987947,2450.739405212136,98.6512779569836,4.87,-741158491.4
116,Qatar,2012,187000000000.0,6.329962236,3.64,56.03114555,0.48,1444230769.0
117,United States,2012,16300000000000.0,1.870595529,1.0,87.91684036,8.07,127000000000.0
118,United Kingdom,2012,2710000000000.0,1.538803628,0.633046989,147.7681782,7.88,-34727249184.0
119,France,2012,2680000000000.0,1.161825032,2450.739405212136,98.6512779569836,9.84,19070158223.0
120,Russian Federation,2012,2210000000000.0,8.907868421,30.83983135,47.2894158,5.44,-1765140000.0
121,Germany,2012,3530000000000.0,1.496488838,2450.739405212136,98.6512779569836,5.38,33639173474.0
122,Australia,2012,1550000000000.0,1.805164061,0.965801031,101.1867787,5.23,-51807636530.0
123,Hungary,2012,129000000000.0,2.892761678,225.1041667,58.56291305,11.0,-2877531842.0
124,Ireland,2012,225000000000.0,2.108272975,2450.739405212136,98.6512779569836,15.45,-26152981889.0
125,Brunei Darussalam,2013,18094321617.0,-2.82132117,1.25116567,62.57478931,6.759,-778412341.1
126,Cambodia,2013,15227991395.0,0.781387551,4027.25,56.34303705,0.44,-2006202368.0
127,Timor-Leste,2013,1395727400.0,16.64276818,1.0,35.83467143,4.01,-43190438.95
128,Indonesia,2013,913000000000.0,4.965990291,10461.24,39.07547414,4.34,-12170055179.0
129,Lao PDR,2013,11983252627.0,6.473972083,7833.22999,98.6512779569836,1.762,-709968685.7
130,Malaysia,2013,323000000000.0,0.174474481,3.15090855,140.092354,3.16,2111932222.0
131,Myanmar,2013,60269732883.0,4.378070843,933.5704564,36.77456379,0.759,-2254603965.0
132,Philippines,2013,284000000000.0,2.06106335,42.44618483,66.83660253,3.5,-90422443.46
133,Singapore,2013,308000000000.0,-0.431059392,1.2513,128.8508362,3.86,-19110684888.0
134,Thailand,2013,420000000000.0,1.778745892,30.72596667,124.3692257,0.25,-3814466006.0
135,Viet Nam,2013,214000000000.0,4.038523638,20933.41667,81.59223551,1.32,-6944000000.0
136,China,2013,9570000000000.0,2.163370027,6.195758346,186.6093794,4.6,-218000000000.0
137,Japan,2013,5210000000000.0,-0.354375054,97.59565828,233.0385103,4.04,145000000000.0
138,"Korea, Rep.",2013,1370000000000.0,1.018543805,1094.9825,127.9831138,2.75,15551200000.0
139,India,2013,1860000000000.0,6.186503982,58.59784542,78.18217173,8.06,-26388082470.0
140,Uzbekistan,2013,73180037911.0,11.98789148,2094.988465,19.174792,4.86,-687255065.2
141,Qatar,2013,199000000000.0,0.767488572,3.64,62.99899154,0.28,8861813187.0
142,United States,2013,16800000000000.0,1.750949779,1.0,88.66008223,7.37,105000000000.0
143,United Kingdom,2013,2780000000000.0,2.117063975,0.639660578,145.1453501,7.52,-8222267228.0
144,France,2013,2810000000000.0,0.778100531,2450.739405212136,98.6512779569836,9.91,-13973846914.0
145,Russian Federation,2013,2290000000000.0,5.320138872,31.83714364,51.20002959,5.46,17287630000.0
146,Germany,2013,3730000000000.0,1.959391683,2450.739405212136,98.6512779569836,5.23,26093621455.0
147,Australia,2013,1580000000000.0,-0.163781511,1.035843097,105.4431243,5.66,-55242404632.0
148,Hungary,2013,136000000000.0,2.82053189,223.695,60.3170279,10.18,-278231951.3
149,Ireland,2013,238000000000.0,1.133260286,2450.739405212136,98.6512779569836,13.73,-21251151864.0
150,Brunei Darussalam,2014,17097802753.0,-1.846457284,1.267040123,67.49857434,6.86,-573906641.3
151,Cambodia,2014,16702610842.0,2.632195879,4037.5,67.37665023,0.69,-1771407708.0
152,Timor-Leste,2014,1447535200.0,-0.728051105,1.0,41.43747583,4.228,-21238824.86
153,Indonesia,2014,891000000000.0,5.443174549,11865.2113,39.48385024,4.05,-14733198283.0
154,Lao PDR,2014,13279248479.0,5.726559182,8042.42157,98.6512779569836,2.123,-860588563.8
155,Malaysia,2014,338000000000.0,2.467466784,3.272859746,137.1023286,2.88,5440442809.0
156,Myanmar,2014,65446196920.0,4.173531359,984.3457476,39.53971476,0.755,-2175015284.0
157,Philippines,2014,297000000000.0,3.053055308,44.3951543,68.57019746,3.6,1014348569.0
158,Singapore,2014,315000000000.0,-0.267270042,1.26705,128.445569,3.74,-16220985754.0
159,Thailand,2014,407000000000.0,1.441465365,32.47983333,127.0495523,0.58,766299562.5
160,Viet Nam,2014,233000000000.0,3.698137968,21148.0,88.09204514,1.26,-8050000000.0
161,China,2014,10500000000000.0,1.031063687,6.143434094,190.8709217,4.63,-145000000000.0
162,Japan,2014,4900000000000.0,1.686294786,105.944781,235.0225227,3.59,118000000000.0
163,"Korea, Rep.",2014,1480000000000.0,0.906896751,1052.84,132.9064959,3.08,18724900000.0
164,India,2014,2040000000000.0,3.331756922,61.02951446,77.89935376,7.976,-22890162761.0
165,Uzbekistan,2014,80845385816.0,14.02491763,2310.948159,18.21130835,5.09,-804245735.8
166,Qatar,2014,206000000000.0,-1.482751063,3.64,67.14445895,0.2,5707967033.0
167,United States,2014,17600000000000.0,1.869891372,1.0,89.49218445,6.17,136000000000.0
168,United Kingdom,2014,3060000000000.0,1.317778214,0.607729627,135.302828,6.11,-173000000000.0
169,France,2014,2860000000000.0,0.576944233,2450.739405212136,98.6512779569836,10.27,47288734074.0
170,Russian Federation,2014,2060000000000.0,7.490071117,38.37820714,54.29533089,5.16,35050840000.0
171,Germany,2014,3890000000000.0,1.877939854,2450.739405212136,98.6512779569836,4.98,87919371869.0
172,Australia,2014,1470000000000.0,1.404893098,1.109363293,108.4670802,6.08,-40637704364.0
173,Hungary,2014,141000000000.0,3.692726095,232.6016667,57.19972533,7.73,-3819551081.0
174,Ireland,2014,260000000000.0,0.182007393,2450.739405212136,98.6512779569836,11.86,-6747671078.0
175,Brunei Darussalam,2015,12930291488.0,-17.61280313,1.374910845,80.80411669,7.683,-171289167.8
176,Cambodia,2015,18049954289.0,1.786112458,4067.75,72.40213415,0.39,-1735043113.0
177,Timor-Leste,2015,1595205100.0,7.202726588,1.0,40.26174014,4.451,-30328700.0
178,Indonesia,2015,861000000000.0,3.98024266,13389.41294,39.46442005,4.51,-10704478317.0
179,Lao PDR,2015,14426381187.0,2.348496007,8127.610598,98.6512779569836,2.496,-1038062947.0
180,Malaysia,2015,301000000000.0,1.218055734,3.905500263,132.8127793,3.1,684808753.5
181,Myanmar,2015,59687411769.0,4.136696739,1162.615329,46.37251015,0.77,-4083839112.0
182,Philippines,2015,306000000000.0,-0.719682789,45.50283994,70.91656388,3.07,-99650560.95
183,Singapore,2015,308000000000.0,3.07195501,1.374825,122.8592629,3.79,-24551342898.0
184,Thailand,2015,401000000000.0,0.722113573,34.24771667,127.7306039,0.6,-3936528344.0
185,Viet Nam,2015,239000000000.0,-1.716511707,21697.5675,96.15775001,1.85,-10700000000.0
186,China,2015,11100000000000.0,-0.002944094,6.227488673,202.1138887,4.65,-68098649765.0
187,Japan,2015,4440000000000.0,2.111298993,121.0440257,233.4079013,3.39,133000000000.0
188,"Korea, Rep.",2015,1470000000000.0,3.185595967,1130.9525,135.5456811,3.55,19583000000.0
189,India,2015,2100000000000.0,2.279588101,64.15194446,78.01191058,7.891,-36495216491.0
190,Uzbekistan,2015,86196264742.0,10.50069952,2567.987213,19.10493727,5.15,-1036625230.0
191,Qatar,2015,162000000000.0,-25.1298075,3.64,88.56012349,0.17,2952472527.0
192,United States,2015,18200000000000.0,1.000541633,1.0,88.98236708,5.28,-209000000000.0
193,United Kingdom,2015,2930000000000.0,0.660990521,0.654545479,134.0908273,5.3,-106000000000.0
194,France,2015,2440000000000.0,1.138248785,2450.739405212136,98.6512779569836,10.35,8404253504.0
195,Russian Federation,2015,1360000000000.0,7.249735907,60.93765011,61.82658261,5.57,15232100000.0
196,Germany,2015,3360000000000.0,1.853678824,2450.739405212136,98.6512779569836,4.62,68388393319.0
197,Australia,2015,1350000000000.0,-0.622921249,1.331090262,113.1862782,6.06,-38634724990.0
198,Hungary,2015,125000000000.0,2.775741908,279.3325,56.71441984,6.81,-2890619219.0
199,Ireland,2015,292000000000.0,8.300141348,2450.739405212136,98.6512779569836,9.91,-47433558093.0
200,Brunei Darussalam,2016,11400466356.0,-9.167861616,1.381346877,92.59695025,8.505,150550827.3
201,Cambodia,2016,20016747858.0,3.475254587,4058.694579,79.17482843,0.72,-2396841375.0
202,Timor-Leste,2016,1652603700.0,0.222525734,1.0,44.4073797,4.66,7188000.0
203,Indonesia,2016,932000000000.0,2.438924087,13308.3268,40.35709044,4.3,-16135916019.0
204,Lao PDR,2016,15912495369.0,3.022306443,8124.366756,98.6512779569836,2.883,-920111853.7
205,Malaysia,2016,301000000000.0,1.658259966,4.148300663,128.5841865,3.44,-3372772123.0
206,Myanmar,2016,63216143490.0,3.353781944,1234.869517,49.69604402,1.049,-3278096410.0
207,Philippines,2016,319000000000.0,1.280311738,47.49246386,74.05651792,2.7,-5882813657.0
208,Singapore,2016,319000000000.0,0.469483247,1.381546364,127.5285323,4.08,-25861166111.0
209,Thailand,2016,413000000000.0,2.63616762,35.29638333,125.3963428,0.69,9906454565.0
210,Viet Nam,2016,257000000000.0,1.819535928,21935.00083,104.580456,1.85,-11600000000.0
211,China,2016,11200000000000.0,1.407346027,6.644477829,207.6737579,4.56,41674876170.0
212,Japan,2016,5000000000000.0,0.419944376,108.7929,239.5913144,3.13,138000000000.0
213,"Korea, Rep.",2016,1500000000000.0,1.986038505,1160.7675,138.2977531,3.65,17785200000.0
214,India,2016,2290000000000.0,3.237974953,67.19531281,74.54926535,7.808,-39411278940.0
215,Uzbekistan,2016,86138288633.0,8.930368491,2965.253499,20.4467509,5.16,-1657069191.0
216,Qatar,2016,152000000000.0,-8.976699058,3.64,90.08567786,0.15,7128021978.0
217,United States,2016,18700000000000.0,1.00223548,1.0,89.99016908,4.87,-175000000000.0
218,United Kingdom,2016,2690000000000.0,1.964798274,0.740634464,140.2754507,4.81,-292000000000.0
219,France,2016,2470000000000.0,0.522559343,2450.739405212136,98.6512779569836,10.06,41841316017.0
220,Russian Federation,2016,1280000000000.0,2.844222698,67.05593333,59.44582853,5.56,-10224570000.0
221,Germany,2016,3470000000000.0,1.327752223,2450.739405212136,98.6512779569836,4.12,47174192459.0
222,Australia,2016,1210000000000.0,-0.655771897,1.345213976,118.2423153,5.71,-46078869964.0
223,Hungary,2016,129000000000.0,1.320471995,281.5233333,58.73423861,5.11,-2983727247.0
224,Ireland,2016,299000000000.0,0.583849083,2450.739405212136,98.6512779569836,8.37,-9219282218.0
225,Brunei Darussalam,2017,12128183904.0,4.953690289,1.380891164,86.68518694,9.32,-467927550.3
226,Cambodia,2017,22177200588.0,3.341042158,4050.579986,88.1764707,0.14,-2673226255.0
227,Timor-Leste,2017,1598208400.0,-0.151690878,1.0,51.48865442,4.191,-6715937.467
228,Indonesia,2017,1020000000000.0,4.292678122,13380.83388,39.87663393,3.78,-18502038861.0
229,Lao PDR,2017,17071162084.0,1.852096761,8244.843189,98.6512779569836,3.27,-1683379973.0
230,Malaysia,2017,319000000000.0,3.778960943,4.300440878,122.5342056,3.41,-3760088630.0
231,Myanmar,2017,66055090634.0,5.873408947,1360.358707,53.31036763,1.36,-4804272487.0
232,Philippines,2017,328000000000.0,2.320259947,50.40371979,75.41772137,2.55,-6951710900.0
233,Singapore,2017,343000000000.0,2.875152985,1.380925,122.3681377,4.2,-36941108315.0
234,Thailand,2017,456000000000.0,1.89994499,33.93981106,124.0447401,0.83,5896855332.0
235,Viet Nam,2017,281000000000.0,4.362920148,22370.08667,107.0262351,1.87,-13620000000.0
236,China,2017,12300000000000.0,4.232681976,6.758755086,201.406398,4.47,-27790987920.0
237,Japan,2017,4930000000000.0,-0.074349504,112.1661411,244.0197045,2.82,155000000000.0
238,"Korea, Rep.",2017,1620000000000.0,2.222781382,1131.000833,137.841483,3.65,16156500000.0
239,India,2017,2650000000000.0,3.969257928,65.12156865,74.14418936,7.728,-28875941053.0
240,Uzbekistan,2017,62081322740.0,19.06181471,5113.878946,23.06414787,5.83,-1790139194.0
241,Qatar,2017,161000000000.0,7.787569656,3.64,102.8873254,0.14,708791208.8
242,United States,2017,19500000000000.0,1.89961014,1.0,90.52383067,4.36,28590000000.0
243,United Kingdom,2017,2680000000000.0,1.856541047,0.776976682,145.286778,4.33,46685075527.0
244,France,2017,2600000000000.0,0.521577263,2450.739405212136,98.6512779569836,9.41,12702511140.0
245,Russian Federation,2017,1570000000000.0,5.349815088,58.34280119,59.52220741,5.21,8199590000.0
246,Germany,2017,3690000000000.0,1.503738989,2450.739405212136,98.6512779569836,3.75,36124571462.0
247,Australia,2017,1330000000000.0,3.651232809,1.304758077,116.5335722,5.59,-38193755825.0
248,Hungary,2017,143000000000.0,4.029705051,274.4333333,58.36254595,4.16,-2376170201.0
249,Ireland,2017,337000000000.0,1.251083468,2450.739405212136,98.6512779569836,6.71,-55346188076.0
250,Brunei Darussalam,2018,13566937674.0,9.215863133,1.348918565,81.58004432,8.7,-516202620.6
251,Cambodia,2018,24571753583.0,3.111821367,4051.1669,100.6993825,0.128,-3088669837.0
252,Timor-Leste,2018,1566157200.0,-1.321802318,1.0,54.18272077,3.69,-47925664.57
253,Indonesia,2018,1040000000000.0,3.818323569,14236.93877,38.81758144,4.39,-12510610514.0
254,Lao PDR,2018,18141651381.0,1.919889194,8401.334766,98.6512779569836,3.308,-1358019506.0
255,Malaysia,2018,359000000000.0,0.624674675,4.035130137,125.0778647,3.3,-2539145749.0
256,Myanmar,2018,67855845007.0,5.34109464,1429.807975,54.5606988,0.77,-1768195523.0
257,Philippines,2018,347000000000.0,3.740653831,52.66142995,74.51518725,2.34,-5832900584.0
258,Singapore,2018,377000000000.0,3.534650755,1.348841667,118.5630253,3.606,-58349843384.0
259,Thailand,2018,507000000000.0,1.428586164,32.31022574,122.8194084,0.77,3380091961.0
260,Viet Nam,2018,310000000000.0,3.6266473,22602.05,108.5349052,1.16,-14902000000.0
261,China,2018,13900000000000.0,3.499747636,6.615957177,195.0358759,4.31,-92338473352.0
262,Japan,2018,5040000000000.0,-0.000237506,110.4231793,248.1256763,2.47,135000000000.0
263,"Korea, Rep.",2018,1730000000000.0,0.482948983,1100.163333,142.2596611,3.82,26037800000.0
264,India,2018,2700000000000.0,3.884240279,68.38946709,74.0978246,7.65,-30699661201.0
265,Uzbekistan,2018,52870108217.0,26.92239538,8069.606237,19.58685548,5.379,-622886824.4
266,Qatar,2018,183000000000.0,12.41440353,3.64,84.51593628,0.11,5709065934.0
267,United States,2018,20500000000000.0,2.404058593,1.0,89.3303889,3.9,-345000000000.0
268,United Kingdom,2018,2870000000000.0,1.922052394,0.74953154,148.0237457,4.0,-3576693950.0
269,France,2018,2790000000000.0,0.992224566,2450.739405212136,98.6512779569836,9.02,61682963435.0
270,Russian Federation,2018,1660000000000.0,9.997976711,62.66813333,59.11861639,4.85,22592030000.0
271,Germany,2018,3970000000000.0,2.007492441,2450.739405212136,98.6512779569836,3.38,29011101779.0
272,Australia,2018,1430000000000.0,1.878810435,1.338412146,113.792564,5.3,-59654884661.0
273,Hungary,2018,161000000000.0,4.847425392,270.2116667,59.07367602,3.71,-3531634246.0
274,Ireland,2018,387000000000.0,1.120032236,2450.739405212136,98.6512779569836,5.74,27441629241.0
275,Brunei Darussalam,2019,13469235365.0,-3.334183376,1.364218514,84.71877054,6.6,-373256767.2
276,Cambodia,2019,27089390033.0,3.235371767,4061.148963,107.6557313,0.116,-3561195452.0
277,Timor-Leste,2019,2027034000.0,4.874096517,1.0,38.88754159,3.079,238994863.1
278,Indonesia,2019,1120000000000.0,1.5984885,14147.67136,38.76024384,3.59,-20531070566.0
279,Lao PDR,2019,18740559554.0,1.197423921,8679.409093,98.6512779569836,3.364,-755524124.2
280,Malaysia,2019,365000000000.0,0.071826909,4.142469736,122.9070528,3.26,-1626970695.0
281,Myanmar,2019,75072038086.0,5.422933005,1518.255117,56.10760612,0.41,-1735589413.0
282,Philippines,2019,377000000000.0,0.697076301,51.79578265,76.59717596,2.24,-5320429168.0
283,Singapore,2019,377000000000.0,-0.201648173,1.364158333,123.0468461,3.1,-39191638312.0
284,Thailand,2019,544000000000.0,1.014423406,31.04760578,123.3986339,0.72,4644836019.0
285,Viet Nam,2019,334000000000.0,2.423226942,23050.24167,112.5232876,1.68,-15635000000.0
286,China,2019,14300000000000.0,1.286700406,6.90838501,197.8865472,4.56,-50259822365.0
287,Japan,2019,5120000000000.0,0.634803166,109.0096659,252.7112936,2.35,218000000000.0
288,"Korea, Rep.",2019,1650000000000.0,-0.839325308,1165.3575,151.3958148,3.75,25604700000.0
289,India,2019,2840000000000.0,2.405517162,70.42034054,76.98188097,6.51,-37469945322.0
290,Uzbekistan,2019,60283503705.0,17.8148511,8836.7875,17.86459047,4.92,-2313130817.0
291,Qatar,2019,176000000000.0,-4.455914212,3.64,90.03290792,0.1,7262912088.0
292,United States,2019,21400000000000.0,1.793930501,1.0,92.98697951,3.67,-201000000000.0
293,United Kingdom,2019,2850000000000.0,2.115732743,0.78344511,140.670149,3.74,-41289065813.0
294,France,2019,2730000000000.0,1.278592146,2450.739405212136,98.6512779569836,8.41,30864497546.0
295,Russian Federation,2019,1690000000000.0,3.263132819,64.73765833,58.87829663,4.5,-10051630000.0
296,Germany,2019,3890000000000.0,2.130309051,2450.739405212136,98.6512779569836,3.14,98812746280.0
297,Australia,2019,1390000000000.0,3.463722736,1.438506544,122.7684464,5.16,-29844985008.0
298,Hungary,2019,164000000000.0,4.785025181,290.66,58.14251473,3.42,-215796664.1
299,Ireland,2019,399000000000.0,3.355411523,2450.739405212136,98.6512779569836,4.95,-97444443422.0
300,Brunei Darussalam,2020,12005799654.0,-10.86375964,1.37970343,93.57501836,7.41,-565542275.4
301,Cambodia,2020,25872797892.0,-0.671856541,4092.783219,128.9449782,0.17,-3497632099.0
302,Timor-Leste,2020,2162619200.0,-19.15179184,1.0,40.31811463,2.791,712696166.4
303,Indonesia,2020,1060000000000.0,-0.401651435,14582.20347,44.71787447,4.25,-14142473958.0
304,Lao PDR,2020,18981800705.0,5.034504125,9045.787834,98.6512779569836,3.862,-967706086.2
305,Malaysia,2020,337000000000.0,-0.818007729,4.203481949,137.0937139,4.54,-762778047.4
306,Myanmar,2020,79045695085.0,5.344109712,1381.619167,69.20464294,1.48,-1467228390.228881
307,Philippines,2020,362000000000.0,1.650490185,49.624096,90.49053168,2.52,-3260102017.0
308,Singapore,2020,348000000000.0,-2.696454848,1.379741667,148.9481813,4.1,-40055034457.0
309,Thailand,2020,500000000000.0,-1.281944318,31.29367321,146.5948861,1.1,23543528522.0
310,Viet Nam,2020,347000000000.0,1.467478148,23208.36833,122.8589232,2.1,-15420000000.0
311,China,2020,14700000000000.0,0.492493918,6.900767269,211.8916376,5.0,-99374807720.0
312,Japan,2020,5060000000000.0,0.941449701,106.7745823,280.3703056,2.81,87533471953.0
313,"Korea, Rep.",2020,1640000000000.0,1.563746857,1180.265833,164.8782634,3.93,26067500000.0
314,India,2020,2670000000000.0,4.746548929,74.09956688,87.78353407,7.86,-53239697391.0
315,Uzbekistan,2020,60224701297.0,11.44242483,10054.26133,18.49864806,5.29,-1716938024.0
316,Qatar,2020,144000000000.0,-15.10042031,3.64,114.121316,0.14,5164010989.0
317,United States,2020,21100000000000.0,1.304912071,1.0,110.6387647,8.05,148000000000.0
318,United Kingdom,2020,2700000000000.0,5.083623429,0.779999577,163.8312341,4.472,-141000000000.0
319,France,2020,2650000000000.0,2.839876196,2450.739405212136,98.6512779569836,8.01,9116589362.0
320,Russian Federation,2020,1490000000000.0,0.898246027,72.10490833,69.9295269,5.59,-3631810000.0
321,Germany,2020,3890000000000.0,1.872585648,2450.739405212136,98.6512779569836,3.86,-5888677179.0
322,Australia,2020,1330000000000.0,2.113825441,1.453085118,137.1188881,6.46,-8025123712.0
323,Hungary,2020,157000000000.0,6.401668541,307.9966667,69.31264924,4.25,-2756453067.0
324,Ireland,2020,429000000000.0,-1.23404263,2450.739405212136,98.6512779569836,5.62,-110000000000.0
325,Brunei Darussalam,2021,14006496617.0,15.4659287,1.343806963,84.57934313,4.91,-204749379.8
326,Cambodia,2021,26961061152.0,1.291945,4098.722795,143.8284906,0.4,-3391043981.0
327,Timor-Leste,2021,3621958000.0,59.02701503,1.0,30.88317001,2.34,419035233.2
328,Indonesia,2021,1190000000000.0,6.003421337,14308.1439,46.36034752,3.83,-17286354128.0
329,Lao PDR,2021,18827148529.0,3.713448367,9697.915789,98.6512779569836,4.15,-1071913716.0
330,Malaysia,2021,374000000000.0,5.707515694,4.143297598,132.5307572,4.083,-7460181234.0
331,Myanmar,2021,66262813093.0,19.51720891,2450.739405212136,98.6512779569836,4.34,-1467228390.228881
332,Philippines,2021,394000000000.0,2.282478459,49.25459773,90.36719081,3.4,-9732242739.0
333,Singapore,2021,424000000000.0,8.784365575,1.343483333,98.6512779569836,4.64,-87742137975.0
334,Thailand,2021,506000000000.0,1.709812993,31.97709344,148.8353872,1.21,3980422265.0
335,Viet Nam,2021,366000000000.0,2.778257342,23159.78259,127.2348781,2.38,-15341000000.0
336,China,2021,17800000000000.0,4.55232658,6.44897518,203.8378734,4.55,-165000000000.0
337,Japan,2021,5030000000000.0,-0.190060625,109.7543238,281.9667648,2.83,175000000000.0
338,"Korea, Rep.",2021,1820000000000.0,2.762931941,1143.951667,173.7184024,3.64,43940200000.0
339,India,2021,3150000000000.0,8.538525483,73.91801282,82.54413818,6.38,-27488543123.0
340,Uzbekistan,2021,69600614987.0,13.54390113,10609.46439,19.67085775,5.419,-2272290865.0
341,Qatar,2021,180000000000.0,22.46602212,3.64,93.01092916,0.14,1253296703.0
342,United States,2021,23300000000000.0,4.492792236,1.0,116.8724229,5.35,-99015000000.0
343,United Kingdom,2021,3140000000000.0,-0.120427085,0.727064945,165.6254009,4.826,155000000000.0
344,France,2021,2960000000000.0,1.42394827,2450.739405212136,98.6512779569836,7.86,13026648829.0
345,Russian Federation,2021,1840000000000.0,18.99051679,73.65435,98.6512779569836,4.72,25432780000.0
346,Germany,2021,4280000000000.0,3.019638074,2450.739405212136,98.6512779569836,3.64,119000000000.0
347,Australia,2021,1560000000000.0,3.078774164,1.33122426,139.0002639,5.12,-20876515984.0
348,Hungary,2021,182000000000.0,6.445097993,303.1408333,72.05594721,4.05,-3801865480.0
349,Ireland,2021,513000000000.0,0.477482551,2450.739405212136,98.6512779569836,6.19,59233776504.0
350,Brunei Darussalam,2022,16681536467.0,24.23672684,1.378956397,70.07220045,4.452,292416275.5
351,Cambodia,2022,29504829319.0,4.070391065,4102.037865,142.0823188,0.226,-3428345015.0
352,Timor-Leste,2022,3204753000.0,11.35539551,1.0,37.90713169,1.786,395383447.1
353,Indonesia,2022,1320000000000.0,9.567844361,14849.85394,43.5359828,3.46,-14816422520.0
354,Lao PDR,2022,15468785204.0,15.77394592,14035.22669,98.6512779569836,3.819,-635807276.0
355,Malaysia,2022,407000000000.0,6.445753155,4.401076345,119.173065,3.629,-3967084186.0
356,Myanmar,2022,62263466264.0,6.163716941,2450.739405212136,98.6512779569836,2.956,-1467228390.228881
357,Philippines,2022,404000000000.0,5.481077742,54.47778584,85.87058198,2.375,-5379698122.0
358,Singapore,2022,467000000000.0,9.051761389,1.378666667,98.6512779569836,3.59,-90055705996.0
359,Thailand,2022,495000000000.0,4.724843041,35.06135021,143.8909099,0.94,-3717019036.0
360,Viet Nam,2022,409000000000.0,3.860477768,23271.2125,122.5442469,1.54,-15226000000.0
361,China,2022,18000000000000.0,2.248974454,6.737158112,216.1449944,4.98,-30474555668.0
362,Japan,2022,4260000000000.0,0.333979877,131.4981404,284.5064793,2.6,128000000000.0
363,"Korea, Rep.",2022,1670000000000.0,1.275522574,1291.446667,173.8496083,2.86,48411600000.0
364,India,2022,3420000000000.0,8.225869499,78.60449058,98.6512779569836,4.822,-35408008686.0
365,Uzbekistan,2022,80391853887.0,13.84832757,11050.14542,21.28517531,4.507,-2494257890.0
366,Qatar,2022,236000000000.0,26.14119995,3.64,83.08118971,0.13,2307692308.0
367,United States,2022,25400000000000.0,7.040723092,1.0,98.6512779569836,3.65,38173000000.0
368,United Kingdom,2022,3090000000000.0,5.152902299,0.811301716,163.9409138,3.73,80704411997.0
369,France,2022,2780000000000.0,2.947216929,2450.739405212136,98.6512779569836,7.31,13333972005.0
370,Russian Federation,2022,2240000000000.0,15.8047099,68.48494167,98.6512779569836,3.867,26967700000.0
371,Germany,2022,4080000000000.0,5.268325424,2450.739405212136,98.6512779569836,3.14,131000000000.0
372,Australia,2022,1690000000000.0,7.123075723,1.441664459,134.2028013,3.7,54258632808.0
373,Hungary,2022,177000000000.0,14.48927895,372.5958333,65.28209871,3.61,-3886946396.0
374,Ireland,2022,533000000000.0,6.582264283,2450.739405212136,98.6512779569836,4.48,35688700620.0
